"","species","higher_taxon","trap","date"
"1","1","Dytiscidae","Hg","3/16/05"
"2","10","Staphylinidae","Hg","3/29/05"
"3","10","Staphylinidae","Hg","11/24/05"
"4","100","Carabidae","Hg","6/1/05"
"5","101","Carabidae","Na","4/12/05"
"6","101","Carabidae","Na","4/13/05"
"7","102","Carabidae","Na","4/13/05"
"8","102","Carabidae","Na","4/19/05"
"9","102","Carabidae","Na","5/13/05"
"10","102","Carabidae","Na","11/25/05"
"11","102","Carabidae","Na","11/25/05"
"12","103","Carabidae","Na","5/13/05"
"13","104","Carabidae","Na","4/12/05"
"14","105","Carabidae","Na","4/12/05"
"15","106","Carabidae","Na","5/18/05"
"16","107","Carabidae","Hg","5/17/05"
"17","108","Carabidae","Hg","4/12/05"
"18","109","Carabidae","Hg","3/18/05"
"19","109","Carabidae","Hg","3/24/05"
"20","109","Carabidae","Hg","4/12/05"
"21","109","Carabidae","Hg","4/13/05"
"22","109","Carabidae","Hg","4/20/05"
"23","109","Carabidae","Hg","5/10/05"
"24","109","Carabidae","Hg","5/10/05"
"25","109","Carabidae","Hg","11/25/05"
"26","109","Carabidae","Hg","11/25/05"
"27","109","Carabidae","Na","4/13/05"
"28","109","Carabidae","Na","5/13/05"
"29","109","Carabidae","Na","5/13/05"
"30","109","Carabidae","Na","11/24/05"
"31","109","Carabidae","Na","11/25/05"
"32","11","Staphylinidae","Na","4/13/05"
"33","110","Carabidae","Hg","3/18/05"
"34","110","Carabidae","Hg","3/18/05"
"35","110","Carabidae","Hg","4/13/05"
"36","110","Carabidae","Na","5/11/05"
"37","110","Carabidae","Control","12/2/05"
"38","111","Carabidae","Hg","4/12/05"
"39","112","Silvanidae","Hg","3/29/05"
"40","112","Silvanidae","Hg","5/17/05"
"41","112","Silvanidae","Hg","11/17/05"
"42","112","Silvanidae","Hg","12/1/05"
"43","112","Silvanidae","Hg","12/2/05"
"44","112","Silvanidae","Na","3/31/05"
"45","112","Silvanidae","Na","4/13/05"
"46","112","Silvanidae","Na","5/11/05"
"47","112","Silvanidae","Na","5/13/05"
"48","112","Silvanidae","Na","5/18/05"
"49","112","Silvanidae","Na","5/18/05"
"50","112","Silvanidae","Na","5/18/05"
"51","112","Silvanidae","Na","5/18/05"
"52","112","Silvanidae","Na","10/28/05"
"53","112","Silvanidae","Na","11/17/05"
"54","112","Silvanidae","Na","11/24/05"
"55","112","Silvanidae","Na","11/24/05"
"56","112","Silvanidae","Na","11/25/05"
"57","112","Silvanidae","Na","11/25/05"
"58","112","Silvanidae","Na","11/4/05"
"59","112","Silvanidae","Na","12/2/05"
"60","112","Silvanidae","Na","12/2/05"
"61","112","Silvanidae","Na","12/2/05"
"62","112","Silvanidae","Na","12/2/05"
"63","112","Silvanidae","Na","12/2/05"
"64","112","Silvanidae","Na_F","5/10/05"
"65","112","Silvanidae","Na_F","5/17/05"
"66","112","Silvanidae","Na_F","11/17/05"
"67","112","Silvanidae","Na_F","11/24/05"
"68","113","Latridiidae","Control","3/31/05"
"69","113","Latridiidae","Control","4/19/05"
"70","113","Latridiidae","Control","4/5/05"
"71","113","Latridiidae","Control","5/18/05"
"72","113","Latridiidae","Hg","3/16/05"
"73","113","Latridiidae","Hg","5/17/05"
"74","113","Latridiidae","Hg","5/18/05"
"75","113","Latridiidae","Na","3/29/05"
"76","113","Latridiidae","Na","3/29/05"
"77","113","Latridiidae","Na","3/29/05"
"78","113","Latridiidae","Na","4/12/05"
"79","113","Latridiidae","Na","4/19/05"
"80","113","Latridiidae","Na","4/20/05"
"81","113","Latridiidae","Na","4/5/05"
"82","113","Latridiidae","Na","4/6/05"
"83","113","Latridiidae","Na","4/6/05"
"84","113","Latridiidae","Na","4/6/05"
"85","113","Latridiidae","Na","4/6/05"
"86","113","Latridiidae","Na","4/6/05"
"87","113","Latridiidae","Na","5/10/05"
"88","113","Latridiidae","Na","5/10/05"
"89","113","Latridiidae","Na","5/13/05"
"90","113","Latridiidae","Na","5/13/05"
"91","113","Latridiidae","Na","11/25/05"
"92","113","Latridiidae","Na","11/25/05"
"93","113","Latridiidae","Na_F","4/20/05"
"94","113","Latridiidae","Na_F","5/4/05"
"95","113","Latridiidae","Na_F","11/18/05"
"96","113","Latridiidae","Control","11/22/05"
"97","114","Monotomidae","Hg","3/24/05"
"98","114","Monotomidae","Hg","4/13/05"
"99","114","Monotomidae","Hg","5/18/05"
"100","115","Monotomidae","Hg","3/16/05"
"101","115","Monotomidae","Hg","4/20/05"
"102","115","Monotomidae","Hg","4/6/05"
"103","115","Monotomidae","Hg","11/22/05"
"104","115","Monotomidae","Hg","11/25/05"
"105","115","Monotomidae","Na","11/25/05"
"106","115","Monotomidae","Control","11/29/05"
"107","115","Monotomidae","Control","12/1/05"
"108","116","Monotomidae","Control","4/13/05"
"109","116","Monotomidae","Hg","10/28/05"
"110","116","Monotomidae","Hg","10/28/05"
"111","116","Monotomidae","Hg","11/12/05"
"112","116","Monotomidae","Hg","11/12/05"
"113","116","Monotomidae","Hg","11/12/05"
"114","116","Monotomidae","Hg","11/18/05"
"115","116","Monotomidae","Hg","11/22/05"
"116","116","Monotomidae","Hg","11/22/05"
"117","116","Monotomidae","Hg","11/25/05"
"118","116","Monotomidae","Hg","11/25/05"
"119","116","Monotomidae","Hg","11/29/05"
"120","116","Monotomidae","Hg","11/29/05"
"121","116","Monotomidae","Hg","11/4/05"
"122","116","Monotomidae","Hg","11/4/05"
"123","116","Monotomidae","Na","11/17/05"
"124","116","Monotomidae","Na","11/4/05"
"125","116","Monotomidae","Na_F","11/22/05"
"126","116","Monotomidae","Na_F","11/24/05"
"127","116","Monotomidae","Na_F","11/4/05"
"128","117","Erotylidae","Na","4/19/05"
"129","117","Erotylidae","Na","4/19/05"
"130","117","Erotylidae","Na","5/10/05"
"131","117","Erotylidae","Na","5/10/05"
"132","117","Erotylidae","Na","5/10/05"
"133","117","Erotylidae","Na","5/10/05"
"134","117","Erotylidae","Na","5/10/05"
"135","117","Erotylidae","Na","5/10/05"
"136","117","Erotylidae","Na","5/11/05"
"137","117","Erotylidae","Na","5/11/05"
"138","117","Erotylidae","Na","5/13/05"
"139","117","Erotylidae","Na","5/13/05"
"140","117","Erotylidae","Na","5/18/05"
"141","117","Erotylidae","Na","5/3/05"
"142","117","Erotylidae","Na","5/4/05"
"143","117","Erotylidae","Na","6/7/05"
"144","117","Erotylidae","Na_F","5/11/05"
"145","117","Erotylidae","Na_F","5/11/05"
"146","117","Erotylidae","Na_F","5/13/05"
"147","118","Ptinidae","Hg","3/24/05"
"148","118","Ptinidae","Na","3/23/05"
"149","118","Ptinidae","Na","11/25/05"
"150","119","Anthribidae","Control","5/18/05"
"151","12","Staphylinidae","Hg","3/18/05"
"152","120","Brentidae","Hg","4/13/05"
"153","120","Brentidae","Na","3/29/05"
"154","121","Mordellidae","Na","3/18/05"
"155","122","Zopheridae","Hg","6/1/05"
"156","123","Aderidae","Hg","4/12/05"
"157","124","Mycetophagidae","Hg","5/6/05"
"158","124","Mycetophagidae","Hg","11/17/05"
"159","124","Mycetophagidae","Hg","11/24/05"
"160","124","Mycetophagidae","Hg","11/25/05"
"161","124","Mycetophagidae","Na","11/17/05"
"162","124","Mycetophagidae","Na","11/24/05"
"163","124","Mycetophagidae","Na","11/25/05"
"164","124","Mycetophagidae","Na_F","11/24/05"
"165","124","Mycetophagidae","Na_F","11/25/05"
"166","125","Dermestidae","Hg","3/23/05"
"167","126","Aderidae","Na_F","11/8/05"
"168","126","Anthicidae","Hg","4/13/05"
"169","127","Coccinellidae","Hg","5/13/05"
"170","128","Cantharidae","Na","4/20/05"
"171","129","Leiodidae","Hg","3/16/05"
"172","129","Leiodidae","Hg","11/29/05"
"173","13","Staphylinidae","Hg","3/18/05"
"174","130","Scarabaeidae","Hg","4/12/05"
"175","130","Scarabaeidae","Hg","4/12/05"
"176","130","Scarabaeidae","Hg","4/13/05"
"177","130","Scarabaeidae","Hg","11/24/05"
"178","130","Scarabaeidae","Hg","12/1/05"
"179","130","Scarabaeidae","Na","11/25/05"
"180","131","Ciidae","Hg","3/24/05"
"181","132","Erotylidae","Na","5/11/05"
"182","133","Phalacridae","Hg","3/23/05"
"183","133","Phalacridae","Hg","10/28/05"
"184","133","Phalacridae","Hg","11/24/05"
"185","134","Phalacridae","Na","3/23/05"
"186","135","Bothrideridae","Hg","3/29/05"
"187","136","Bothrideridae","Hg","4/13/05"
"188","136","Bothrideridae","Na_F","4/12/05"
"189","136","Bothrideridae","Control","11/22/05"
"190","137","Cryptophagidae","Control","4/13/05"
"191","137","Cryptophagidae","Control","4/13/05"
"192","137","Cryptophagidae","Control","4/13/05"
"193","137","Cryptophagidae","Control","4/20/05"
"194","137","Cryptophagidae","Control","5/10/05"
"195","137","Cryptophagidae","Control","5/11/05"
"196","137","Cryptophagidae","Control","5/11/05"
"197","137","Cryptophagidae","Control","5/17/05"
"198","137","Cryptophagidae","Control","5/17/05"
"199","137","Cryptophagidae","Control","5/17/05"
"200","137","Cryptophagidae","Control","5/18/05"
"201","137","Cryptophagidae","Control","5/18/05"
"202","137","Cryptophagidae","Hg","5/13/05"
"203","137","Cryptophagidae","Hg","5/13/05"
"204","137","Cryptophagidae","Hg","5/13/05"
"205","137","Cryptophagidae","Hg","5/17/05"
"206","137","Cryptophagidae","Hg","5/6/05"
"207","137","Cryptophagidae","Hg","6/7/05"
"208","137","Cryptophagidae","Hg","11/11/05"
"209","137","Cryptophagidae","Hg","11/11/05"
"210","137","Cryptophagidae","Hg","11/17/05"
"211","137","Cryptophagidae","Hg","11/17/05"
"212","137","Cryptophagidae","Hg","11/17/05"
"213","137","Cryptophagidae","Hg","11/17/05"
"214","137","Cryptophagidae","Hg","11/18/05"
"215","137","Cryptophagidae","Hg","11/22/05"
"216","137","Cryptophagidae","Hg","11/22/05"
"217","137","Cryptophagidae","Hg","11/22/05"
"218","137","Cryptophagidae","Hg","11/25/05"
"219","137","Cryptophagidae","Hg","11/25/05"
"220","137","Cryptophagidae","Hg","11/25/05"
"221","137","Cryptophagidae","Hg","11/25/05"
"222","137","Cryptophagidae","Hg","11/25/05"
"223","137","Cryptophagidae","Hg","11/29/05"
"224","137","Cryptophagidae","Hg","11/29/05"
"225","137","Cryptophagidae","Hg","11/29/05"
"226","137","Cryptophagidae","Hg","11/29/05"
"227","137","Cryptophagidae","Hg","11/29/05"
"228","137","Cryptophagidae","Hg","11/4/05"
"229","137","Cryptophagidae","Hg","11/8/05"
"230","137","Cryptophagidae","Hg","11/8/05"
"231","137","Cryptophagidae","Hg","11/8/05"
"232","137","Cryptophagidae","Hg","12/1/05"
"233","137","Cryptophagidae","Hg","12/1/05"
"234","137","Cryptophagidae","Hg","12/1/05"
"235","137","Cryptophagidae","Na","3/24/05"
"236","137","Cryptophagidae","Na","5/10/05"
"237","137","Cryptophagidae","Na","5/11/05"
"238","137","Cryptophagidae","Na","5/13/05"
"239","137","Cryptophagidae","Na","5/13/05"
"240","137","Cryptophagidae","Na","5/13/05"
"241","137","Cryptophagidae","Na","5/17/05"
"242","137","Cryptophagidae","Na","5/17/05"
"243","137","Cryptophagidae","Na","5/6/05"
"244","137","Cryptophagidae","Na","5/6/05"
"245","137","Cryptophagidae","Na","6/7/05"
"246","137","Cryptophagidae","Na","11/11/05"
"247","137","Cryptophagidae","Na","11/24/05"
"248","137","Cryptophagidae","Na","12/1/05"
"249","137","Cryptophagidae","Na_F","4/12/05"
"250","137","Cryptophagidae","Na_F","5/13/05"
"251","137","Cryptophagidae","Na_F","5/17/05"
"252","137","Cryptophagidae","Na_F","5/17/05"
"253","137","Cryptophagidae","Na_F","5/18/05"
"254","137","Cryptophagidae","Na_F","5/6/05"
"255","137","Cryptophagidae","Na_F","5/6/05"
"256","137","Cryptophagidae","Na_F","11/17/05"
"257","137","Cryptophagidae","Na_F","11/17/05"
"258","137","Cryptophagidae","Na_F","11/18/05"
"259","137","Cryptophagidae","Na_F","11/24/05"
"260","137","Cryptophagidae","Na_F","11/25/05"
"261","137","Cryptophagidae","Na_F","11/25/05"
"262","137","Cryptophagidae","Na_F","11/25/05"
"263","137","Cryptophagidae","Na_F","11/25/05"
"264","137","Cryptophagidae","Na_F","11/25/05"
"265","137","Cryptophagidae","Na_F","11/29/05"
"266","137","Cryptophagidae","Na_F","12/1/05"
"267","137","Cryptophagidae","Na_F","12/1/05"
"268","137","Cryptophagidae","Na_F","12/1/05"
"269","137","Cryptophagidae","Na_F","12/2/05"
"270","137","Cryptophagidae","Na_F","12/2/05"
"271","137","Cryptophagidae","Na_F","12/2/05"
"272","137","Cryptophagidae","Control","11/24/05"
"273","137","Cryptophagidae","Control","11/24/05"
"274","137","Cryptophagidae","Control","12/1/05"
"275","137","Cryptophagidae","Control","12/2/05"
"276","138","Cryptophagidae","Hg","3/29/05"
"277","138","Cryptophagidae","Hg","4/13/05"
"278","138","Cryptophagidae","Hg","5/6/05"
"279","138","Cryptophagidae","Na","4/13/05"
"280","139","Cryptophagidae","Na","4/13/05"
"281","14","Staphylinidae","Hg","3/16/05"
"282","14","Staphylinidae","Hg","3/16/05"
"283","14","Staphylinidae","Hg","3/18/05"
"284","14","Staphylinidae","Hg","3/24/05"
"285","14","Staphylinidae","Hg","4/13/05"
"286","14","Staphylinidae","Hg","5/13/05"
"287","14","Staphylinidae","Na","3/16/05"
"288","14","Staphylinidae","Na","3/16/05"
"289","14","Staphylinidae","Na","3/24/05"
"290","14","Staphylinidae","Na","3/24/05"
"291","14","Staphylinidae","Na","4/12/05"
"292","14","Staphylinidae","Na","4/13/05"
"293","14","Staphylinidae","Na","4/13/05"
"294","14","Staphylinidae","Na","4/13/05"
"295","14","Staphylinidae","Na","4/19/05"
"296","14","Staphylinidae","Na","4/19/05"
"297","14","Staphylinidae","Na","4/6/05"
"298","14","Staphylinidae","Na","5/13/05"
"299","140","Cryptophagidae","Hg","3/18/05"
"300","140","Cryptophagidae","Hg","4/13/05"
"301","140","Cryptophagidae","Hg","4/13/05"
"302","140","Cryptophagidae","Hg","4/13/05"
"303","140","Cryptophagidae","Hg","4/19/05"
"304","140","Cryptophagidae","Hg","10/28/05"
"305","140","Cryptophagidae","Na","3/18/05"
"306","140","Cryptophagidae","Na","4/13/05"
"307","140","Cryptophagidae","Na","4/13/05"
"308","140","Cryptophagidae","Na","4/13/05"
"309","140","Cryptophagidae","Na","4/13/05"
"310","140","Cryptophagidae","Na","4/13/05"
"311","140","Cryptophagidae","Na","5/17/05"
"312","140","Cryptophagidae","Na","10/28/05"
"313","140","Cryptophagidae","Na","11/25/05"
"314","140","Cryptophagidae","Na","11/25/05"
"315","140","Cryptophagidae","Na","11/25/05"
"316","140","Cryptophagidae","Na","11/29/05"
"317","142","Nitidulidae","Hg","4/13/05"
"318","143","Nitidulidae","Hg","3/23/05"
"319","144","Nitidulidae","Hg","6/1/05"
"320","144","Nitidulidae","Hg","11/12/05"
"321","144","Nitidulidae","Hg","11/24/05"
"322","144","Nitidulidae","Na","11/22/05"
"323","144","Nitidulidae","Na","11/22/05"
"324","144","Nitidulidae","Na_F","11/17/05"
"325","145","Nitidulidae","Hg","4/6/05"
"326","146","Laemophloeidae","Hg","4/6/05"
"327","146","Laemophloeidae","Hg","11/17/05"
"328","146","Laemophloeidae","Na_F","12/2/05"
"329","146","Laemophloeidae","Control","12/2/05"
"330","147","Laemophloeidae","Hg","4/13/05"
"331","147","Laemophloeidae","Na","12/2/05"
"332","148","Laemophloeidae","Control","4/12/05"
"333","148","Laemophloeidae","Control","5/11/05"
"334","149","Ptilodactylidae","Hg","12/2/05"
"335","149","Ptilodactylidae","Na","5/13/05"
"336","149","Ptilodactylidae","Na","5/18/05"
"337","149","Ptilodactylidae","Na_F","11/12/05"
"338","149","Ptilodactylidae","Na_F","11/24/05"
"339","149","Ptilodactylidae","Na_F","11/8/05"
"340","15","Staphylinidae","Hg","3/18/05"
"341","15","Staphylinidae","Hg","3/18/05"
"342","15","Staphylinidae","Hg","3/31/05"
"343","15","Staphylinidae","Hg","12/2/05"
"344","150","Ptilodactylidae","Na","5/13/05"
"345","151","Ptilodactylidae","Control","3/31/05"
"346","151","Ptilodactylidae","Na","11/25/05"
"347","152","Ptilodactylidae","Hg","3/24/05"
"348","153","Corylophidae","Na","5/17/05"
"349","153","Corylophidae","Na_F","5/13/05"
"350","154","Corylophidae","Na_F","3/16/05"
"351","155","Ptiliidae","Hg","3/24/05"
"352","155","Ptiliidae","Hg","3/24/05"
"353","155","Ptiliidae","Hg","4/12/05"
"354","155","Ptiliidae","Hg","4/13/05"
"355","155","Ptiliidae","Hg","4/19/05"
"356","155","Ptiliidae","Hg","4/19/05"
"357","155","Ptiliidae","Hg","4/20/05"
"358","155","Ptiliidae","Hg","4/20/05"
"359","155","Ptiliidae","Hg","4/20/05"
"360","155","Ptiliidae","Hg","4/20/05"
"361","155","Ptiliidae","Hg","4/5/05"
"362","155","Ptiliidae","Hg","5/10/05"
"363","155","Ptiliidae","Hg","5/10/05"
"364","155","Ptiliidae","Hg","5/10/05"
"365","155","Ptiliidae","Hg","5/10/05"
"366","155","Ptiliidae","Hg","5/10/05"
"367","155","Ptiliidae","Hg","5/13/05"
"368","155","Ptiliidae","Hg","5/18/05"
"369","155","Ptiliidae","Hg","5/18/05"
"370","155","Ptiliidae","Hg","5/18/05"
"371","155","Ptiliidae","Hg","5/18/05"
"372","155","Ptiliidae","Hg","5/18/05"
"373","155","Ptiliidae","Hg","11/18/05"
"374","155","Ptiliidae","Hg","11/25/05"
"375","155","Ptiliidae","Hg","11/25/05"
"376","155","Ptiliidae","Hg","11/25/05"
"377","155","Ptiliidae","Na","3/16/05"
"378","155","Ptiliidae","Na","4/12/05"
"379","155","Ptiliidae","Na","4/13/05"
"380","155","Ptiliidae","Na","4/13/05"
"381","155","Ptiliidae","Na","4/13/05"
"382","155","Ptiliidae","Na","4/19/05"
"383","155","Ptiliidae","Na","4/5/05"
"384","155","Ptiliidae","Na","4/6/05"
"385","155","Ptiliidae","Na","5/3/05"
"386","155","Ptiliidae","Na","5/4/05"
"387","155","Ptiliidae","Na","5/4/05"
"388","155","Ptiliidae","Na","11/18/05"
"389","155","Ptiliidae","Na_F","4/13/05"
"390","155","Ptiliidae","Na_F","5/18/05"
"391","156","Ptiliidae","Hg","3/31/05"
"392","156","Ptiliidae","Hg","4/13/05"
"393","156","Ptiliidae","Hg","4/5/05"
"394","156","Ptiliidae","Hg","4/6/05"
"395","156","Ptiliidae","Hg","5/17/05"
"396","156","Ptiliidae","Hg","10/28/05"
"397","156","Ptiliidae","Hg","11/17/05"
"398","156","Ptiliidae","Na","5/10/05"
"399","156","Ptiliidae","Na","5/10/05"
"400","156","Ptiliidae","Na","5/10/05"
"401","156","Ptiliidae","Na","5/10/05"
"402","156","Ptiliidae","Na","5/10/05"
"403","156","Ptiliidae","Na","5/10/05"
"404","156","Ptiliidae","Na","5/10/05"
"405","156","Ptiliidae","Na","5/10/05"
"406","156","Ptiliidae","Na","5/10/05"
"407","156","Ptiliidae","Na","5/10/05"
"408","156","Ptiliidae","Na","5/10/05"
"409","156","Ptiliidae","Na","5/10/05"
"410","156","Ptiliidae","Na","5/13/05"
"411","157","Ptiliidae","Hg","4/13/05"
"412","157","Ptiliidae","Hg","6/1/05"
"413","157","Ptiliidae","Na","5/18/05"
"414","158","Ptiliidae","Control","4/12/05"
"415","158","Ptiliidae","Na","11/4/05"
"416","159","Staphylinidae","Hg","6/7/05"
"417","159","Staphylinidae","Na","6/1/05"
"418","16","Staphylinidae","Hg","4/5/05"
"419","16","Staphylinidae","Hg","5/18/05"
"420","16","Staphylinidae","Hg","6/1/05"
"421","16","Staphylinidae","Hg","11/24/05"
"422","16","Staphylinidae","Na","11/25/05"
"423","160","Staphylinidae","Hg","4/19/05"
"424","161","Staphylinidae","Hg","3/16/05"
"425","162","Staphylinidae","Hg","3/18/05"
"426","162","Staphylinidae","Hg","3/23/05"
"427","162","Staphylinidae","Hg","11/17/05"
"428","17","Staphylinidae","Hg","3/31/05"
"429","17","Staphylinidae","Hg","4/6/05"
"430","18","Staphylinidae","Na","4/19/05"
"431","19","Staphylinidae","Hg","5/18/05"
"432","2","Dytiscidae","Hg","3/16/05"
"433","2","Dytiscidae","Hg","12/2/05"
"434","20","Staphylinidae","Na_F","4/13/05"
"435","201","Staphylinidae","Hg","12/1/05"
"436","203","Staphylinidae","Hg","12/2/05"
"437","204","Staphylinidae","Hg","10/28/05"
"438","205","Staphylinidae","Na","10/28/05"
"439","206","Staphylinidae","Hg","10/28/05"
"440","206","Staphylinidae","Hg","12/2/05"
"441","207","Staphylinidae","Na_F","11/24/05"
"442","208","Staphylinidae","Hg","12/2/05"
"443","209","Staphylinidae","Control","12/2/05"
"444","21","Staphylinidae","Na","4/13/05"
"445","210","Staphylinidae","Hg","11/25/05"
"446","212","Staphylinidae","Hg","11/25/05"
"447","212","Staphylinidae","Hg","11/25/05"
"448","212","Staphylinidae","Na","11/8/05"
"449","212","Staphylinidae","Control","11/22/05"
"450","213","Staphylinidae","Hg","11/25/05"
"451","215","Staphylinidae","Hg","11/25/05"
"452","219","Staphylinidae","Na","11/25/05"
"453","219","Staphylinidae","Control","12/2/05"
"454","22","Staphylinidae","Control","4/13/05"
"455","22","Staphylinidae","Hg","3/24/05"
"456","22","Staphylinidae","Hg","4/12/05"
"457","22","Staphylinidae","Hg","4/12/05"
"458","22","Staphylinidae","Hg","4/13/05"
"459","22","Staphylinidae","Hg","4/13/05"
"460","22","Staphylinidae","Hg","4/13/05"
"461","22","Staphylinidae","Hg","4/13/05"
"462","22","Staphylinidae","Hg","4/13/05"
"463","22","Staphylinidae","Hg","4/13/05"
"464","22","Staphylinidae","Hg","4/19/05"
"465","22","Staphylinidae","Hg","4/6/05"
"466","22","Staphylinidae","Hg","5/13/05"
"467","22","Staphylinidae","Hg","5/13/05"
"468","22","Staphylinidae","Hg","5/13/05"
"469","22","Staphylinidae","Hg","5/17/05"
"470","22","Staphylinidae","Hg","5/17/05"
"471","22","Staphylinidae","Hg","5/18/05"
"472","22","Staphylinidae","Hg","5/18/05"
"473","22","Staphylinidae","Hg","5/18/05"
"474","22","Staphylinidae","Hg","5/18/05"
"475","22","Staphylinidae","Hg","11/18/05"
"476","22","Staphylinidae","Hg","11/25/05"
"477","22","Staphylinidae","Hg","11/25/05"
"478","22","Staphylinidae","Hg","11/25/05"
"479","22","Staphylinidae","Hg","12/2/05"
"480","22","Staphylinidae","Hg","12/2/05"
"481","22","Staphylinidae","Hg","12/2/05"
"482","22","Staphylinidae","Na","3/24/05"
"483","22","Staphylinidae","Na","4/12/05"
"484","22","Staphylinidae","Na","4/13/05"
"485","22","Staphylinidae","Na","4/13/05"
"486","22","Staphylinidae","Na","4/13/05"
"487","22","Staphylinidae","Na","4/13/05"
"488","22","Staphylinidae","Na","4/13/05"
"489","22","Staphylinidae","Na","5/18/05"
"490","22","Staphylinidae","Na","5/18/05"
"491","22","Staphylinidae","Na","12/2/05"
"492","22","Staphylinidae","Na_F","12/2/05"
"493","22","Staphylinidae","Control","11/8/05"
"494","22","Staphylinidae","Control","12/2/05"
"495","222","Staphylinidae","Na_F","11/29/05"
"496","225","Staphylinidae","Na","11/12/05"
"497","226","Staphylinidae","Hg","11/24/05"
"498","226","Staphylinidae","Hg","11/25/05"
"499","227","Staphylinidae","Control","11/22/05"
"500","228","Staphylinidae","Na","12/1/05"
"501","229","Staphylinidae","Hg","11/17/05"
"502","229","Staphylinidae","Na","11/4/05"
"503","229","Staphylinidae","Na","12/2/05"
"504","229","Staphylinidae","Control","11/25/05"
"505","23","Staphylinidae","Hg","4/13/05"
"506","23","Staphylinidae","Hg","4/13/05"
"507","23","Staphylinidae","Hg","11/24/05"
"508","23","Staphylinidae","Hg","11/25/05"
"509","23","Staphylinidae","Na","4/12/05"
"510","23","Staphylinidae","Na","4/12/05"
"511","23","Staphylinidae","Na","4/13/05"
"512","23","Staphylinidae","Na","4/13/05"
"513","23","Staphylinidae","Na","4/13/05"
"514","23","Staphylinidae","Na","5/18/05"
"515","23","Staphylinidae","Na","11/25/05"
"516","230","Staphylinidae","Na","11/25/05"
"517","230","Staphylinidae","Na","11/8/05"
"518","230","Staphylinidae","Na_F","11/17/05"
"519","230","Staphylinidae","Control","11/17/05"
"520","230","Staphylinidae","Control","11/8/05"
"521","232","Staphylinidae","Hg","11/22/05"
"522","235","Staphylinidae","Na","11/18/05"
"523","236","Scydmaeninae","Hg","10/28/05"
"524","236","Scydmaeninae","Na","11/18/05"
"525","236","Scydmaeninae","Na","11/29/05"
"526","237","Curculionidae","Na_F","11/24/05"
"527","237","Curculionidae","Na_F","11/24/05"
"528","237","Curculionidae","Na_F","11/24/05"
"529","239","Curculionidae","Na","11/29/05"
"530","24","Staphylinidae","Hg","4/13/05"
"531","24","Staphylinidae","Hg","5/10/05"
"532","24","Staphylinidae","Hg","5/10/05"
"533","24","Staphylinidae","Hg","6/1/05"
"534","24","Staphylinidae","Hg","6/1/05"
"535","24","Staphylinidae","Hg","6/7/05"
"536","24","Staphylinidae","Na","4/19/05"
"537","243","Curculionidae","Na_F","11/22/05"
"538","244","Curculionidae","Na_F","11/8/05"
"539","246","Curculionidae","Hg","11/25/05"
"540","247","Scolytinae","Na","11/24/05"
"541","249","Scolytinae","Hg","11/22/05"
"542","25","Staphylinidae","Hg","4/5/05"
"543","25","Staphylinidae","Hg","12/1/05"
"544","25","Staphylinidae","Na","3/16/05"
"545","25","Staphylinidae","Na","4/20/05"
"546","25","Staphylinidae","Na_F","3/16/05"
"547","250","Scolytinae","Na","11/22/05"
"548","251","Scolytinae","Hg","12/1/05"
"549","253","Scolytinae","Na","12/2/05"
"550","257","Scolytinae","Hg","11/18/05"
"551","257","Scolytinae","Na","11/17/05"
"552","26","Staphylinidae","Hg","3/16/05"
"553","26","Staphylinidae","Hg","4/6/05"
"554","26","Staphylinidae","Hg","11/12/05"
"555","26","Staphylinidae","Hg","11/22/05"
"556","26","Staphylinidae","Hg","11/29/05"
"557","26","Staphylinidae","Hg","12/1/05"
"558","26","Staphylinidae","Hg","12/1/05"
"559","26","Staphylinidae","Hg","12/2/05"
"560","26","Staphylinidae","Na","4/20/05"
"561","260","Cerambycidae","Hg","11/25/05"
"562","263","Bostrichidae","Control","11/24/05"
"563","264","Chrysomelidae","Na_F","12/1/05"
"564","265","Chrysomelidae","Na_F","11/4/05"
"565","266","Chrysomelidae","Hg","11/29/05"
"566","267","Chrysomelidae","Na","11/22/05"
"567","268","Chrysomelidae","Hg","12/2/05"
"568","27","Staphylinidae","Hg","4/13/05"
"569","27","Staphylinidae","Na","3/18/05"
"570","270","Tenebrionidae","Hg","11/24/05"
"571","270","Tenebrionidae","Hg","11/25/05"
"572","271","Tenebrionidae","Hg","11/18/05"
"573","271","Tenebrionidae","Na","11/24/05"
"574","271","Tenebrionidae","Na","11/25/05"
"575","271","Tenebrionidae","Na","11/29/05"
"576","271","Tenebrionidae","Na","12/1/05"
"577","272","Tenebrionidae","Hg","10/28/05"
"578","272","Tenebrionidae","Na","10/28/05"
"579","274","Tenebrionidae","Hg","11/29/05"
"580","277","Carabidae","Hg","11/4/05"
"581","278","Carabidae","Hg","11/25/05"
"582","279","Carabidae","Hg","11/25/05"
"583","28","Staphylinidae","Hg","3/24/05"
"584","28","Staphylinidae","Hg","3/31/05"
"585","28","Staphylinidae","Hg","4/13/05"
"586","28","Staphylinidae","Hg","4/19/05"
"587","28","Staphylinidae","Hg","4/20/05"
"588","28","Staphylinidae","Hg","4/20/05"
"589","28","Staphylinidae","Hg","5/11/05"
"590","28","Staphylinidae","Hg","5/13/05"
"591","28","Staphylinidae","Hg","5/17/05"
"592","28","Staphylinidae","Hg","5/17/05"
"593","28","Staphylinidae","Hg","5/17/05"
"594","28","Staphylinidae","Hg","5/18/05"
"595","28","Staphylinidae","Hg","10/28/05"
"596","28","Staphylinidae","Hg","11/25/05"
"597","28","Staphylinidae","Hg","11/25/05"
"598","28","Staphylinidae","Hg","11/25/05"
"599","28","Staphylinidae","Na","3/29/05"
"600","28","Staphylinidae","Na","4/19/05"
"601","28","Staphylinidae","Na","4/20/05"
"602","28","Staphylinidae","Na","5/13/05"
"603","28","Staphylinidae","Na","5/17/05"
"604","28","Staphylinidae","Na","5/18/05"
"605","28","Staphylinidae","Na","11/18/05"
"606","28","Staphylinidae","Na_F","4/19/05"
"607","28","Staphylinidae","Na_F","10/28/05"
"608","28","Staphylinidae","Na_F","11/25/05"
"609","280","Carabidae","Na","11/4/05"
"610","281","Carabidae","Na","11/17/05"
"611","282","Carabidae","Hg","10/28/05"
"612","283","Carabidae","Hg","11/24/05"
"613","284","Carabidae","Hg","11/17/05"
"614","285","Carabidae","Hg","11/25/05"
"615","286","Carabidae","Hg","10/28/05"
"616","287","Silvanidae","Na","11/25/05"
"617","287","Silvanidae","Na","11/25/05"
"618","287","Silvanidae","Na","11/4/05"
"619","289","Latridiidae","Hg","11/22/05"
"620","29","Staphylinidae","Control","5/13/05"
"621","292","Anthribidae","Control","11/8/05"
"622","294","Mordellidae","Control","12/1/05"
"623","295","Mordellidae","Na","11/12/05"
"624","297","Zopheridae","Hg","12/2/05"
"625","298","Zopheridae","Na","11/22/05"
"626","299","Aderidae","Na","11/24/05"
"627","299","Aderidae","Na_F","12/2/05"
"628","3","Dytiscidae","Hg","5/17/05"
"629","30","Staphylinidae","Hg","3/16/05"
"630","30","Staphylinidae","Hg","3/23/05"
"631","30","Staphylinidae","Hg","3/24/05"
"632","30","Staphylinidae","Hg","3/29/05"
"633","30","Staphylinidae","Hg","3/31/05"
"634","30","Staphylinidae","Hg","3/31/05"
"635","30","Staphylinidae","Hg","4/13/05"
"636","30","Staphylinidae","Hg","4/6/05"
"637","30","Staphylinidae","Hg","12/2/05"
"638","30","Staphylinidae","Na","11/25/05"
"639","302","Anthicidae","Hg","12/2/05"
"640","302","Anthicidae","Na","11/25/05"
"641","306","Scarabaeidae","Na","10/28/05"
"642","309","Scarabaeidae","Hg","11/8/05"
"643","31","Staphylinidae","Hg","3/16/05"
"644","31","Staphylinidae","Hg","3/16/05"
"645","31","Staphylinidae","Hg","3/18/05"
"646","31","Staphylinidae","Hg","3/18/05"
"647","31","Staphylinidae","Hg","3/31/05"
"648","31","Staphylinidae","Hg","4/12/05"
"649","31","Staphylinidae","Hg","4/19/05"
"650","31","Staphylinidae","Hg","4/20/05"
"651","31","Staphylinidae","Hg","4/5/05"
"652","31","Staphylinidae","Hg","4/5/05"
"653","31","Staphylinidae","Hg","4/5/05"
"654","31","Staphylinidae","Hg","5/11/05"
"655","31","Staphylinidae","Hg","5/11/05"
"656","31","Staphylinidae","Hg","5/4/05"
"657","31","Staphylinidae","Hg","11/12/05"
"658","31","Staphylinidae","Hg","11/17/05"
"659","31","Staphylinidae","Hg","11/17/05"
"660","31","Staphylinidae","Hg","11/17/05"
"661","31","Staphylinidae","Hg","11/17/05"
"662","31","Staphylinidae","Hg","11/18/05"
"663","31","Staphylinidae","Hg","11/24/05"
"664","31","Staphylinidae","Hg","11/24/05"
"665","31","Staphylinidae","Hg","11/25/05"
"666","31","Staphylinidae","Hg","11/25/05"
"667","31","Staphylinidae","Hg","11/25/05"
"668","31","Staphylinidae","Hg","11/25/05"
"669","31","Staphylinidae","Hg","11/25/05"
"670","31","Staphylinidae","Hg","11/25/05"
"671","31","Staphylinidae","Hg","11/25/05"
"672","31","Staphylinidae","Hg","11/4/05"
"673","31","Staphylinidae","Hg","12/2/05"
"674","31","Staphylinidae","Na","3/16/05"
"675","31","Staphylinidae","Na","3/29/05"
"676","31","Staphylinidae","Na","4/20/05"
"677","31","Staphylinidae","Na_F","4/13/05"
"678","31","Staphylinidae","Na_F","5/11/05"
"679","31","Staphylinidae","Na_F","10/28/05"
"680","31","Staphylinidae","Na_F","11/17/05"
"681","31","Staphylinidae","Na_F","11/25/05"
"682","31","Staphylinidae","Control","12/2/05"
"683","31","Staphylinidae","Control","12/2/05"
"684","310","Scarabaeidae","Hg","11/17/05"
"685","310","Scarabaeidae","Hg","11/8/05"
"686","310","Scarabaeidae","Hg","11/8/05"
"687","310","Scarabaeidae","Hg","11/8/05"
"688","310","Scarabaeidae","Hg","11/8/05"
"689","311","Scarabaeidae","Hg","11/11/05"
"690","311","Scarabaeidae","Na","11/22/05"
"691","311","Scarabaeidae","Na","11/4/05"
"692","311","Scarabaeidae","Na","11/4/05"
"693","311","Scarabaeidae","Na_F","11/4/05"
"694","312","Scarabaeidae","Hg","11/12/05"
"695","312","Scarabaeidae","Hg","11/17/05"
"696","312","Scarabaeidae","Hg","11/17/05"
"697","312","Scarabaeidae","Hg","11/17/05"
"698","312","Scarabaeidae","Hg","11/17/05"
"699","312","Scarabaeidae","Hg","11/17/05"
"700","312","Scarabaeidae","Hg","11/18/05"
"701","312","Scarabaeidae","Hg","11/24/05"
"702","312","Scarabaeidae","Hg","11/24/05"
"703","312","Scarabaeidae","Hg","11/24/05"
"704","312","Scarabaeidae","Hg","11/24/05"
"705","312","Scarabaeidae","Hg","11/24/05"
"706","312","Scarabaeidae","Hg","11/25/05"
"707","312","Scarabaeidae","Hg","11/25/05"
"708","312","Scarabaeidae","Hg","11/25/05"
"709","312","Scarabaeidae","Hg","11/29/05"
"710","312","Scarabaeidae","Hg","11/29/05"
"711","312","Scarabaeidae","Hg","11/29/05"
"712","312","Scarabaeidae","Hg","11/29/05"
"713","312","Scarabaeidae","Hg","11/4/05"
"714","312","Scarabaeidae","Hg","11/4/05"
"715","312","Scarabaeidae","Hg","11/4/05"
"716","312","Scarabaeidae","Hg","11/4/05"
"717","312","Scarabaeidae","Hg","11/4/05"
"718","312","Scarabaeidae","Hg","11/8/05"
"719","312","Scarabaeidae","Hg","11/8/05"
"720","312","Scarabaeidae","Hg","11/8/05"
"721","312","Scarabaeidae","Hg","11/8/05"
"722","313","Scarabaeidae","Hg","11/24/05"
"723","313","Scarabaeidae","Na","11/24/05"
"724","313","Scarabaeidae","Na","11/29/05"
"725","314","Scarabaeidae","Hg","10/28/05"
"726","314","Scarabaeidae","Hg","11/24/05"
"727","314","Scarabaeidae","Hg","11/4/05"
"728","314","Scarabaeidae","Hg","11/4/05"
"729","314","Scarabaeidae","Na","11/25/05"
"730","314","Scarabaeidae","Na","11/4/05"
"731","315","Hybosoridae","Hg","10/28/05"
"732","318","Phalacridae","Na","11/25/05"
"733","319","Cryptophagidae","Hg","12/1/05"
"734","319","Cryptophagidae","Na_F","12/1/05"
"735","32","Staphylinidae","Hg","3/29/05"
"736","32","Staphylinidae","Hg","4/12/05"
"737","32","Staphylinidae","Hg","4/12/05"
"738","32","Staphylinidae","Hg","4/13/05"
"739","32","Staphylinidae","Hg","4/5/05"
"740","32","Staphylinidae","Hg","5/10/05"
"741","32","Staphylinidae","Hg","5/10/05"
"742","32","Staphylinidae","Hg","5/17/05"
"743","32","Staphylinidae","Hg","5/18/05"
"744","32","Staphylinidae","Hg","5/6/05"
"745","32","Staphylinidae","Hg","5/6/05"
"746","32","Staphylinidae","Hg","11/18/05"
"747","32","Staphylinidae","Hg","11/22/05"
"748","32","Staphylinidae","Hg","11/22/05"
"749","32","Staphylinidae","Na","4/19/05"
"750","32","Staphylinidae","Na","4/6/05"
"751","32","Staphylinidae","Na","5/13/05"
"752","320","Nitidulidae","Na_F","11/18/05"
"753","321","Nitidulidae","Hg","11/17/05"
"754","321","Nitidulidae","Hg","11/24/05"
"755","321","Nitidulidae","Hg","11/4/05"
"756","321","Nitidulidae","Na","11/12/05"
"757","321","Nitidulidae","Na","11/17/05"
"758","321","Nitidulidae","Na","11/17/05"
"759","321","Nitidulidae","Na","11/18/05"
"760","321","Nitidulidae","Na_F","11/18/05"
"761","321","Nitidulidae","Na_F","11/18/05"
"762","321","Nitidulidae","Control","11/17/05"
"763","322","Nitidulidae","Na","11/29/05"
"764","323","Nitidulidae","Hg","12/1/05"
"765","324","Nitidulidae","Hg","11/25/05"
"766","325","Nitidulidae","Control","11/17/05"
"767","326","Nitidulidae","Hg","11/25/05"
"768","328","Nitidulidae","Hg","11/18/05"
"769","328","Nitidulidae","Na","11/18/05"
"770","329","Nitidulidae","Hg","11/17/05"
"771","329","Nitidulidae","Hg","11/25/05"
"772","329","Nitidulidae","Hg","12/2/05"
"773","33","Staphylinidae","Hg","4/19/05"
"774","33","Staphylinidae","Hg","5/13/05"
"775","33","Staphylinidae","Hg","6/7/05"
"776","33","Staphylinidae","Hg","11/17/05"
"777","33","Staphylinidae","Hg","12/2/05"
"778","330","Nitidulidae","Hg","11/25/05"
"779","330","Nitidulidae","Na_F","12/1/05"
"780","331","Laemophloeidae","Hg","11/29/05"
"781","331","Laemophloeidae","Na","11/12/05"
"782","331","Laemophloeidae","Na","11/25/05"
"783","331","Laemophloeidae","Na","11/29/05"
"784","332","Laemophloeidae","Hg","11/17/05"
"785","333","Laemophloeidae","Hg","11/22/05"
"786","334","Ptilodactylidae","Hg","11/4/05"
"787","336","Ptiliidae","Na","11/12/05"
"788","336","Ptiliidae","Na","11/29/05"
"789","336","Ptiliidae","Control","11/22/05"
"790","338","Histeridae","Na","11/4/05"
"791","339","Histeridae","Na","11/29/05"
"792","34","Staphylinidae","Hg","4/12/05"
"793","34","Staphylinidae","Hg","5/13/05"
"794","34","Staphylinidae","Hg","11/17/05"
"795","34","Staphylinidae","Na","5/18/05"
"796","34","Staphylinidae","Na","11/18/05"
"797","34","Staphylinidae","Na_F","12/1/05"
"798","340","Elateridae","Na_F","11/18/05"
"799","341","Elateridae","Hg","11/29/05"
"800","341","Elateridae","Na","12/2/05"
"801","343","Elateridae","Na_F","11/25/05"
"802","344","Elateridae","Na","11/18/05"
"803","348","Ripiphoridae","Na_F","11/24/05"
"804","349","Silphidae","Hg","11/4/05"
"805","35","Staphylinidae","Hg","4/20/05"
"806","350","Scirtidae","Na","11/25/05"
"807","352","Archeocrypticidae","Hg","10/28/05"
"808","352","Archeocrypticidae","Na_F","11/4/05"
"809","352","Archeocrypticidae","Na_F","11/4/05"
"810","352","Archeocrypticidae","Na_F","11/4/05"
"811","355","Ptinidae","Hg","11/22/05"
"812","355","Ptinidae","Hg","11/24/05"
"813","355","Ptinidae","Hg","11/25/05"
"814","355","Ptinidae","Hg","11/25/05"
"815","355","Ptinidae","Hg","11/25/05"
"816","355","Ptinidae","Hg","11/29/05"
"817","355","Ptinidae","Hg","12/1/05"
"818","355","Ptinidae","Hg","12/2/05"
"819","355","Ptinidae","Na_F","11/18/05"
"820","356","Ptinidae","Hg","11/17/05"
"821","356","Ptinidae","Hg","11/4/05"
"822","357","Bostrichidae","Hg","11/29/05"
"823","358","Coccinellidae","Na_F","11/25/05"
"824","358","Coccinellidae","Na_F","11/8/05"
"825","358","Coccinellidae","Control","11/18/05"
"826","358","Coccinellidae","Control","11/22/05"
"827","36","Staphylinidae","Hg","4/13/05"
"828","36","Staphylinidae","Hg","5/11/05"
"829","361","Endomychidae","Na","11/25/05"
"830","363","Cerylonidae","Na_F","11/18/05"
"831","37","Staphylinidae","Hg","4/13/05"
"832","38","Staphylinidae","Na_F","5/13/05"
"833","39","Staphylinidae","Hg","5/17/05"
"834","4","Staphylinidae","Hg","3/16/05"
"835","4","Staphylinidae","Hg","3/16/05"
"836","4","Staphylinidae","Hg","3/16/05"
"837","4","Staphylinidae","Hg","3/18/05"
"838","4","Staphylinidae","Hg","3/29/05"
"839","4","Staphylinidae","Hg","3/29/05"
"840","4","Staphylinidae","Hg","3/29/05"
"841","4","Staphylinidae","Hg","4/13/05"
"842","4","Staphylinidae","Hg","4/13/05"
"843","4","Staphylinidae","Hg","4/13/05"
"844","4","Staphylinidae","Hg","4/20/05"
"845","4","Staphylinidae","Hg","4/5/05"
"846","4","Staphylinidae","Hg","4/6/05"
"847","4","Staphylinidae","Hg","5/10/05"
"848","4","Staphylinidae","Hg","5/10/05"
"849","4","Staphylinidae","Hg","5/10/05"
"850","4","Staphylinidae","Hg","5/6/05"
"851","4","Staphylinidae","Hg","6/1/05"
"852","4","Staphylinidae","Hg","11/18/05"
"853","4","Staphylinidae","Hg","11/25/05"
"854","4","Staphylinidae","Hg","11/25/05"
"855","4","Staphylinidae","Na","3/16/05"
"856","4","Staphylinidae","Na","3/16/05"
"857","4","Staphylinidae","Na","3/16/05"
"858","4","Staphylinidae","Na","3/16/05"
"859","4","Staphylinidae","Na","3/16/05"
"860","4","Staphylinidae","Na","3/18/05"
"861","4","Staphylinidae","Na","3/18/05"
"862","4","Staphylinidae","Na","3/18/05"
"863","4","Staphylinidae","Na","3/18/05"
"864","4","Staphylinidae","Na","3/24/05"
"865","4","Staphylinidae","Na","4/12/05"
"866","4","Staphylinidae","Na","4/13/05"
"867","4","Staphylinidae","Na","4/13/05"
"868","4","Staphylinidae","Na","5/13/05"
"869","4","Staphylinidae","Na","5/18/05"
"870","4","Staphylinidae","Na","11/25/05"
"871","4","Staphylinidae","Na","11/25/05"
"872","4","Staphylinidae","Na","11/25/05"
"873","4","Staphylinidae","Na","11/25/05"
"874","4","Staphylinidae","Na","11/4/05"
"875","4","Staphylinidae","Na_F","4/12/05"
"876","4","Staphylinidae","Na_F","4/13/05"
"877","4","Staphylinidae","Na_F","12/2/05"
"878","4","Staphylinidae","Na_F","12/2/05"
"879","4","Staphylinidae","Control","12/2/05"
"880","40","Staphylinidae","Hg","4/13/05"
"881","40","Staphylinidae","Na","11/18/05"
"882","41","Staphylinidae","Hg","3/18/05"
"883","41","Staphylinidae","Hg","4/5/05"
"884","42","Staphylinidae","Hg","4/6/05"
"885","43","Staphylinidae","Hg","4/13/05"
"886","43","Staphylinidae","Hg","5/13/05"
"887","44","Staphylinidae","Na","4/13/05"
"888","45","Staphylinidae","Hg","4/13/05"
"889","46","Staphylinidae","Hg","3/29/05"
"890","47","Staphylinidae","Hg","5/11/05"
"891","48","Staphylinidae","Hg","4/19/05"
"892","48","Staphylinidae","Hg","5/17/05"
"893","48","Staphylinidae","Hg","6/1/05"
"894","48","Staphylinidae","Na","4/20/05"
"895","49","Staphylinidae","Hg","5/13/05"
"896","49","Staphylinidae","Hg","5/18/05"
"897","5","Staphylinidae","Hg","3/24/05"
"898","5","Staphylinidae","Hg","3/24/05"
"899","5","Staphylinidae","Hg","3/24/05"
"900","5","Staphylinidae","Hg","4/19/05"
"901","5","Staphylinidae","Hg","4/6/05"
"902","5","Staphylinidae","Hg","5/13/05"
"903","5","Staphylinidae","Na","4/13/05"
"904","50","Staphylinidae","Na","4/20/05"
"905","50","Staphylinidae","Na","4/5/05"
"906","51","Staphylinidae","Hg","5/13/05"
"907","51","Staphylinidae","Na","4/20/05"
"908","52","Staphylinidae","Hg","3/18/05"
"909","54","Staphylinidae","Na_F","3/16/05"
"910","55","Staphylinidae","Hg","4/12/05"
"911","55","Staphylinidae","Hg","4/13/05"
"912","55","Staphylinidae","Hg","11/25/05"
"913","56","Staphylinidae","Na","5/11/05"
"914","56","Staphylinidae","Na","10/28/05"
"915","57","Staphylinidae","Hg","3/16/05"
"916","57","Staphylinidae","Hg","3/31/05"
"917","57","Staphylinidae","Hg","4/19/05"
"918","57","Staphylinidae","Hg","5/10/05"
"919","57","Staphylinidae","Hg","5/10/05"
"920","57","Staphylinidae","Hg","5/10/05"
"921","57","Staphylinidae","Hg","11/22/05"
"922","57","Staphylinidae","Hg","11/22/05"
"923","57","Staphylinidae","Hg","11/4/05"
"924","57","Staphylinidae","Na","5/10/05"
"925","57","Staphylinidae","Na","11/24/05"
"926","58","Staphylinidae","Hg","3/16/05"
"927","58","Staphylinidae","Hg","3/23/05"
"928","58","Staphylinidae","Hg","4/13/05"
"929","58","Staphylinidae","Hg","4/5/05"
"930","58","Staphylinidae","Hg","4/5/05"
"931","58","Staphylinidae","Hg","5/13/05"
"932","58","Staphylinidae","Hg","10/28/05"
"933","58","Staphylinidae","Hg","11/18/05"
"934","58","Staphylinidae","Hg","11/18/05"
"935","58","Staphylinidae","Hg","11/4/05"
"936","59","Staphylinidae","Hg","4/20/05"
"937","59","Staphylinidae","Hg","5/10/05"
"938","59","Staphylinidae","Na","5/6/05"
"939","6","Staphylinidae","Hg","4/12/05"
"940","6","Staphylinidae","Hg","4/6/05"
"941","6","Staphylinidae","Hg","5/11/05"
"942","60","Staphylinidae","Hg","4/12/05"
"943","60","Staphylinidae","Hg","4/13/05"
"944","60","Staphylinidae","Hg","4/13/05"
"945","60","Staphylinidae","Hg","4/5/05"
"946","60","Staphylinidae","Na","3/29/05"
"947","60","Staphylinidae","Na","4/12/05"
"948","60","Staphylinidae","Na","5/10/05"
"949","61","Staphylinidae","Hg","4/12/05"
"950","61","Staphylinidae","Hg","4/13/05"
"951","61","Staphylinidae","Hg","11/8/05"
"952","61","Staphylinidae","Hg","12/1/05"
"953","61","Staphylinidae","Na_F","11/29/05"
"954","62","Scydmaeninae","Hg","4/13/05"
"955","62","Scydmaeninae","Hg","4/6/05"
"956","62","Scydmaeninae","Hg","11/17/05"
"957","62","Scydmaeninae","Na","5/18/05"
"958","62","Scydmaeninae","Na","11/25/05"
"959","62","Scydmaeninae","Na_F","3/24/05"
"960","63","Scydmaeninae","Hg","11/24/05"
"961","63","Scydmaeninae","Na","3/29/05"
"962","63","Scydmaeninae","Na","5/18/05"
"963","64","Scydmaeninae","Na","3/16/05"
"964","65","Scydmaeninae","Hg","4/13/05"
"965","66","Scydmaeninae","Na","4/20/05"
"966","67","Scydmaeninae","Na","5/10/05"
"967","68","Curculionidae","Hg","3/24/05"
"968","68","Curculionidae","Hg","3/24/05"
"969","68","Curculionidae","Hg","4/12/05"
"970","68","Curculionidae","Hg","4/12/05"
"971","68","Curculionidae","Hg","4/13/05"
"972","69","Scolytinae","Control","3/29/05"
"973","69","Scolytinae","Control","4/12/05"
"974","69","Scolytinae","Control","5/11/05"
"975","69","Scolytinae","Control","5/13/05"
"976","69","Scolytinae","Control","5/13/05"
"977","69","Scolytinae","Control","5/17/05"
"978","69","Scolytinae","Control","5/17/05"
"979","69","Scolytinae","Control","5/18/05"
"980","69","Scolytinae","Control","5/18/05"
"981","69","Scolytinae","Control","5/18/05"
"982","69","Scolytinae","Hg","5/11/05"
"983","69","Scolytinae","Hg","5/13/05"
"984","69","Scolytinae","Hg","6/1/05"
"985","69","Scolytinae","Hg","11/17/05"
"986","69","Scolytinae","Hg","11/22/05"
"987","69","Scolytinae","Hg","11/24/05"
"988","69","Scolytinae","Hg","11/8/05"
"989","69","Scolytinae","Na","3/29/05"
"990","69","Scolytinae","Na","4/13/05"
"991","69","Scolytinae","Na","4/13/05"
"992","69","Scolytinae","Na","4/20/05"
"993","69","Scolytinae","Na","5/11/05"
"994","69","Scolytinae","Na","5/13/05"
"995","69","Scolytinae","Na","5/13/05"
"996","69","Scolytinae","Na","5/13/05"
"997","69","Scolytinae","Na","5/13/05"
"998","69","Scolytinae","Na","5/13/05"
"999","69","Scolytinae","Na","5/13/05"
"1000","69","Scolytinae","Na","5/17/05"
"1001","69","Scolytinae","Na","11/24/05"
"1002","69","Scolytinae","Na","11/25/05"
"1003","69","Scolytinae","Na_F","5/10/05"
"1004","69","Scolytinae","Control","12/1/05"
"1005","7","Staphylinidae","Hg","3/24/05"
"1006","7","Staphylinidae","Hg","3/24/05"
"1007","7","Staphylinidae","Hg","3/31/05"
"1008","7","Staphylinidae","Hg","10/28/05"
"1009","7","Staphylinidae","Na_F","10/28/05"
"1010","70","Scolytinae","Hg","3/24/05"
"1011","70","Scolytinae","Hg","4/13/05"
"1012","70","Scolytinae","Hg","4/13/05"
"1013","70","Scolytinae","Hg","4/13/05"
"1014","70","Scolytinae","Hg","4/6/05"
"1015","70","Scolytinae","Hg","4/6/05"
"1016","70","Scolytinae","Hg","5/13/05"
"1017","70","Scolytinae","Hg","5/13/05"
"1018","70","Scolytinae","Hg","5/17/05"
"1019","70","Scolytinae","Hg","6/1/05"
"1020","70","Scolytinae","Hg","10/28/05"
"1021","70","Scolytinae","Na","4/12/05"
"1022","70","Scolytinae","Na","5/18/05"
"1023","70A","Scolytinae","Hg","11/8/05"
"1024","70A","Scolytinae","Hg","12/1/05"
"1025","71","Scolytinae","Na","5/11/05"
"1026","71","Scolytinae","Na","5/17/05"
"1027","71","Scolytinae","Na","5/6/05"
"1028","71","Scolytinae","Na_F","4/12/05"
"1029","71","Scolytinae","Control","11/17/05"
"1030","71","Scolytinae","Control","11/18/05"
"1031","71","Scolytinae","Control","11/22/05"
"1032","71","Scolytinae","Control","12/1/05"
"1033","72","Scolytinae","Hg","4/13/05"
"1034","72","Scolytinae","Na","4/13/05"
"1035","72","Scolytinae","Na","11/17/05"
"1036","72","Scolytinae","Na","11/25/05"
"1037","72","Scolytinae","Na_F","4/20/05"
"1038","73","Scolytinae","Hg","5/17/05"
"1039","74","Scolytinae","Control","5/18/05"
"1040","74","Scolytinae","Hg","3/23/05"
"1041","74","Scolytinae","Hg","5/18/05"
"1042","74","Scolytinae","Hg","10/28/05"
"1043","74","Scolytinae","Hg","11/22/05"
"1044","74","Scolytinae","Hg","11/22/05"
"1045","74","Scolytinae","Hg","11/22/05"
"1046","74","Scolytinae","Hg","11/22/05"
"1047","74","Scolytinae","Hg","11/24/05"
"1048","74","Scolytinae","Hg","11/25/05"
"1049","74","Scolytinae","Hg","11/4/05"
"1050","74","Scolytinae","Hg","11/4/05"
"1051","74","Scolytinae","Na","6/7/05"
"1052","74","Scolytinae","Na","11/18/05"
"1053","74","Scolytinae","Na","11/18/05"
"1054","74","Scolytinae","Na","11/18/05"
"1055","74","Scolytinae","Na","11/22/05"
"1056","74","Scolytinae","Na","11/22/05"
"1057","74","Scolytinae","Na","11/22/05"
"1058","74","Scolytinae","Na","11/22/05"
"1059","74","Scolytinae","Na","11/22/05"
"1060","74","Scolytinae","Na","11/22/05"
"1061","74","Scolytinae","Na","11/22/05"
"1062","74","Scolytinae","Na","11/22/05"
"1063","74","Scolytinae","Na","11/22/05"
"1064","74","Scolytinae","Na","11/24/05"
"1065","74","Scolytinae","Na","11/24/05"
"1066","74","Scolytinae","Na","11/24/05"
"1067","74","Scolytinae","Na","11/24/05"
"1068","74","Scolytinae","Na","11/29/05"
"1069","74","Scolytinae","Na","11/29/05"
"1070","74","Scolytinae","Na","11/29/05"
"1071","74","Scolytinae","Na","11/29/05"
"1072","74","Scolytinae","Na","11/4/05"
"1073","74","Scolytinae","Na","11/4/05"
"1074","74","Scolytinae","Na","11/4/05"
"1075","74","Scolytinae","Na","11/4/05"
"1076","74","Scolytinae","Na_F","3/23/05"
"1077","74","Scolytinae","Na_F","5/18/05"
"1078","74","Scolytinae","Na_F","11/17/05"
"1079","74","Scolytinae","Na_F","11/22/05"
"1080","74","Scolytinae","Na_F","11/22/05"
"1081","74","Scolytinae","Na_F","11/24/05"
"1082","74","Scolytinae","Na_F","11/24/05"
"1083","74","Scolytinae","Control","11/18/05"
"1084","74","Scolytinae","Control","11/18/05"
"1085","74","Scolytinae","Control","11/22/05"
"1086","74","Scolytinae","Control","11/22/05"
"1087","74","Scolytinae","Control","11/22/05"
"1088","74","Scolytinae","Control","11/22/05"
"1089","74","Scolytinae","Control","11/24/05"
"1090","74","Scolytinae","Control","11/24/05"
"1091","74","Scolytinae","Control","11/24/05"
"1092","74","Scolytinae","Control","11/25/05"
"1093","75","Scolytinae","Hg","5/13/05"
"1094","75","Scolytinae","Na","5/18/05"
"1095","75","Scolytinae","Na","5/18/05"
"1096","75","Scolytinae","Na","5/18/05"
"1097","76","Scolytinae","Control","6/1/05"
"1098","76","Scolytinae","Na","6/1/05"
"1099","77","Scolytinae","Na","4/12/05"
"1100","78","Scolytinae","Control","4/13/05"
"1101","78","Scolytinae","Na","4/12/05"
"1102","78","Scolytinae","Na","4/13/05"
"1103","78","Scolytinae","Control","12/2/05"
"1104","78","Scolytinae","Control","12/2/05"
"1105","79","Scolytinae","Control","5/10/05"
"1106","8","Staphylinidae","Hg","3/24/05"
"1107","8","Staphylinidae","Hg","3/24/05"
"1108","80","Scolytinae","Hg","3/24/05"
"1109","81","Scolytinae","Hg","3/24/05"
"1110","82","Scolytinae","Na","4/12/05"
"1111","83","Scolytinae","Na_F","6/1/05"
"1112","84","Scolytinae","Hg","4/6/05"
"1113","85","Scolytinae","Hg","4/29/05"
"1114","86","Cerambycidae","Control","3/31/05"
"1115","86","Cerambycidae","Control","4/5/05"
"1116","86","Cerambycidae","Control","4/6/05"
"1117","86","Cerambycidae","Hg","3/29/05"
"1118","86","Cerambycidae","Na_F","4/6/05"
"1119","87","Cerambycidae","Control","5/11/05"
"1120","87","Cerambycidae","Na","11/25/05"
"1121","87","Cerambycidae","Control","11/18/05"
"1122","88","Bostrichidae","Hg","6/7/05"
"1123","88","Bostrichidae","Hg","11/24/05"
"1124","88","Bostrichidae","Control","11/25/05"
"1125","89","Chrysomelidae","Control","3/16/05"
"1126","9","Staphylinidae","Na","5/13/05"
"1127","90","Tenebrionidae","Hg","3/24/05"
"1128","91","Tenebrionidae","Hg","3/18/05"
"1129","92","Tenebrionidae","Hg","4/19/05"
"1130","93","Tenebrionidae","Na","5/17/05"
"1131","94","Sphaeridiinae","Hg","3/16/05"
"1132","94","Sphaeridiinae","Hg","3/18/05"
"1133","94","Sphaeridiinae","Hg","4/6/05"
"1134","94","Sphaeridiinae","Hg","5/18/05"
"1135","94","Sphaeridiinae","Hg","12/2/05"
"1136","94","Sphaeridiinae","Na","3/16/05"
"1137","94","Sphaeridiinae","Na","3/16/05"
"1138","94","Sphaeridiinae","Na","3/18/05"
"1139","94","Sphaeridiinae","Na","3/18/05"
"1140","94","Sphaeridiinae","Na","3/23/05"
"1141","94","Sphaeridiinae","Na","3/24/05"
"1142","94","Sphaeridiinae","Na","4/12/05"
"1143","94","Sphaeridiinae","Na","4/13/05"
"1144","94","Sphaeridiinae","Na","11/25/05"
"1145","95","Sphaeridiinae","Hg","3/16/05"
"1146","95","Sphaeridiinae","Hg","4/12/05"
"1147","95","Sphaeridiinae","Hg","4/20/05"
"1148","95","Sphaeridiinae","Na","3/29/05"
"1149","95","Sphaeridiinae","Na","3/31/05"
"1150","95","Sphaeridiinae","Na","3/31/05"
"1151","95","Sphaeridiinae","Na","4/12/05"
"1152","95","Sphaeridiinae","Na","5/18/05"
"1153","95","Sphaeridiinae","Na","11/17/05"
"1154","95","Sphaeridiinae","Na","11/17/05"
"1155","95","Sphaeridiinae","Na","11/24/05"
"1156","96","Sphaeridiinae","Hg","5/10/05"
"1157","96","Sphaeridiinae","Hg","5/10/05"
"1158","96","Sphaeridiinae","Hg","6/1/05"
"1159","96","Sphaeridiinae","Hg","6/7/05"
"1160","96","Sphaeridiinae","Na","5/18/05"
"1161","97","Sphaeridiinae","Hg","3/16/05"
"1162","97","Sphaeridiinae","Hg","3/18/05"
"1163","97","Sphaeridiinae","Hg","3/18/05"
"1164","97","Sphaeridiinae","Hg","4/12/05"
"1165","97","Sphaeridiinae","Hg","4/12/05"
"1166","97","Sphaeridiinae","Hg","4/13/05"
"1167","97","Sphaeridiinae","Hg","4/13/05"
"1168","97","Sphaeridiinae","Hg","4/13/05"
"1169","97","Sphaeridiinae","Hg","4/13/05"
"1170","97","Sphaeridiinae","Hg","4/13/05"
"1171","97","Sphaeridiinae","Hg","4/13/05"
"1172","97","Sphaeridiinae","Hg","4/19/05"
"1173","97","Sphaeridiinae","Hg","4/20/05"
"1174","97","Sphaeridiinae","Hg","4/20/05"
"1175","97","Sphaeridiinae","Hg","4/20/05"
"1176","97","Sphaeridiinae","Hg","4/20/05"
"1177","97","Sphaeridiinae","Hg","5/6/05"
"1178","97","Sphaeridiinae","Hg","10/28/05"
"1179","97","Sphaeridiinae","Hg","11/12/05"
"1180","97","Sphaeridiinae","Hg","11/24/05"
"1181","97","Sphaeridiinae","Hg","11/25/05"
"1182","97","Sphaeridiinae","Hg","11/29/05"
"1183","97","Sphaeridiinae","Hg","12/2/05"
"1184","97","Sphaeridiinae","Na","4/12/05"
"1185","97","Sphaeridiinae","Na","10/28/05"
"1186","97","Sphaeridiinae","Na","11/18/05"
"1187","97","Sphaeridiinae","Na","11/18/05"
"1188","97","Sphaeridiinae","Na","12/1/05"
"1189","97","Sphaeridiinae","Na_F","4/13/05"
"1190","98","Sphaeridiinae","Hg","3/18/05"
"1191","98","Sphaeridiinae","Hg","4/12/05"
"1192","98","Sphaeridiinae","Hg","4/12/05"
"1193","98","Sphaeridiinae","Hg","4/12/05"
"1194","98","Sphaeridiinae","Hg","4/13/05"
"1195","98","Sphaeridiinae","Hg","4/20/05"
"1196","98","Sphaeridiinae","Hg","4/20/05"
"1197","98","Sphaeridiinae","Hg","4/20/05"
"1198","98","Sphaeridiinae","Hg","4/20/05"
"1199","98","Sphaeridiinae","Hg","4/20/05"
"1200","98","Sphaeridiinae","Hg","4/20/05"
"1201","98","Sphaeridiinae","Hg","4/20/05"
"1202","98","Sphaeridiinae","Hg","4/20/05"
"1203","98","Sphaeridiinae","Hg","4/20/05"
"1204","98","Sphaeridiinae","Hg","4/20/05"
"1205","98","Sphaeridiinae","Hg","4/20/05"
"1206","98","Sphaeridiinae","Hg","4/20/05"
"1207","98","Sphaeridiinae","Hg","4/20/05"
"1208","98","Sphaeridiinae","Hg","4/20/05"
"1209","98","Sphaeridiinae","Hg","4/20/05"
"1210","98","Sphaeridiinae","Hg","4/20/05"
"1211","98","Sphaeridiinae","Hg","4/20/05"
"1212","98","Sphaeridiinae","Hg","4/20/05"
"1213","98","Sphaeridiinae","Hg","4/20/05"
"1214","98","Sphaeridiinae","Hg","5/11/05"
"1215","98","Sphaeridiinae","Hg","5/17/05"
"1216","98","Sphaeridiinae","Hg","5/17/05"
"1217","98","Sphaeridiinae","Hg","5/18/05"
"1218","98","Sphaeridiinae","Hg","5/18/05"
"1219","98","Sphaeridiinae","Hg","5/18/05"
"1220","98","Sphaeridiinae","Hg","12/2/05"
"1221","98","Sphaeridiinae","Na","3/16/05"
"1222","98","Sphaeridiinae","Na","3/16/05"
"1223","98","Sphaeridiinae","Na","4/13/05"
"1224","98","Sphaeridiinae","Na_F","3/31/05"
"1225","98","Sphaeridiinae","Na_F","5/17/05"
"1226","99","Carabidae","Hg","3/23/05"
